<?xml version="1.0" encoding="UTF-8"?><MD_Metadata xmlns:xlink="http://www.w3.org/1999/xlink" xmlns:srv="http://www.isotc211.org/2005/srv" xmlns:gts="http://www.isotc211.org/2005/gts" xmlns:xalan="http://xml.apache.org/xalan" xmlns:gco="http://www.isotc211.org/2005/gco" xmlns:gml="http://www.opengis.net/gml" xmlns:xsi="http://www.w3.org/2001/XMLSchema-instance" xmlns="http://www.isotc211.org/2005/gmd">
<characterSet>
<MD_CharacterSetCode codeList="http://www.isotc211.org/2005/resources/Codelist/gmxCodelists.xml#MD_CharacterSetCode" codeListValue="utf8" codeSpace="ISOTC211/19115">utf8</MD_CharacterSetCode>
</characterSet>
<hierarchyLevel>
<MD_ScopeCode codeList="http://www.isotc211.org/2005/resources/Codelist/gmxCodelists.xml#MD_ScopeCode" codeListValue="dataset" codeSpace="ISOTC211/19115">dataset</MD_ScopeCode>
</hierarchyLevel>
<hierarchyLevelName>
<gco:CharacterString>dataset</gco:CharacterString>
</hierarchyLevelName>
<contact gco:nilReason="missing"/>
<dateStamp gco:nilReason="missing"/>
<metadataStandardName>
<gco:CharacterString>ISO 19139 Geographic Information - Metadata - Implementation Specification</gco:CharacterString>
</metadataStandardName>
<metadataStandardVersion>
<gco:CharacterString>2007</gco:CharacterString>
</metadataStandardVersion>
<identificationInfo>
<MD_DataIdentification>
<citation>
<CI_Citation>
<title>
<gco:CharacterString>Map</gco:CharacterString>
</title>
<date gco:nilReason="missing"/>
</CI_Citation>
</citation>
<abstract>
<gco:CharacterString>Mapa con información de los límites de los municipios españoles.Archivos de límite de municipios del Área del Registro Central de Cartografía del IGN.Capa suministrada por el IGNSistema de Referencia: WGS_1984_Web_Mercator_Auxiliary_SphereFecha de actualización de los datos: 25/06/2018Fecha de publicación: 11/07/2018</gco:CharacterString>
</abstract>
<purpose>
<gco:CharacterString>Mapa con información de los límites de los municipios españoles. Fuente IGN</gco:CharacterString>
</purpose>
<credit>
<gco:CharacterString>© Instituto Geográfico Nacional de España</gco:CharacterString>
</credit>
<descriptiveKeywords>
<MD_Keywords>
<keyword>
<gco:CharacterString>Municipios</gco:CharacterString>
</keyword>
<keyword>
<gco:CharacterString>Mapas Base</gco:CharacterString>
</keyword>
<keyword>
<gco:CharacterString>Basemaps</gco:CharacterString>
</keyword>
<keyword>
<gco:CharacterString>Limites y Lugares</gco:CharacterString>
</keyword>
<keyword>
<gco:CharacterString>Boundaries and Places</gco:CharacterString>
</keyword>
<keyword>
<gco:CharacterString>España</gco:CharacterString>
</keyword>
<keyword>
<gco:CharacterString>Spain</gco:CharacterString>
</keyword>
<keyword>
<gco:CharacterString>Esri Contenidos</gco:CharacterString>
</keyword>
<keyword>
<gco:CharacterString>boundaries</gco:CharacterString>
</keyword>
<keyword>
<gco:CharacterString>places</gco:CharacterString>
</keyword>
<keyword>
<gco:CharacterString>territorio</gco:CharacterString>
</keyword>
<keyword>
<gco:CharacterString>administracion</gco:CharacterString>
</keyword>
<keyword>
<gco:CharacterString>municipio</gco:CharacterString>
</keyword>
<keyword>
<gco:CharacterString>ArcGIS</gco:CharacterString>
</keyword>
<keyword>
<gco:CharacterString>ESPAÑA</gco:CharacterString>
</keyword>
<keyword>
<gco:CharacterString>IGN</gco:CharacterString>
</keyword>
<keyword>
<gco:CharacterString>Unidades administrativas</gco:CharacterString>
</keyword>
<keyword>
<gco:CharacterString>Service Definition</gco:CharacterString>
</keyword>
<keyword>
<gco:CharacterString>.sd</gco:CharacterString>
</keyword>
</MD_Keywords>
</descriptiveKeywords>
<descriptiveKeywords>
<MD_Keywords>
<keyword>
<gco:CharacterString>Municipios</gco:CharacterString>
</keyword>
<keyword>
<gco:CharacterString>Mapas Base</gco:CharacterString>
</keyword>
<keyword>
<gco:CharacterString>Basemaps</gco:CharacterString>
</keyword>
<keyword>
<gco:CharacterString>Limites y Lugares</gco:CharacterString>
</keyword>
<keyword>
<gco:CharacterString>Boundaries and Places</gco:CharacterString>
</keyword>
<keyword>
<gco:CharacterString>España</gco:CharacterString>
</keyword>
<keyword>
<gco:CharacterString>Spain</gco:CharacterString>
</keyword>
<keyword>
<gco:CharacterString>Esri Contenidos</gco:CharacterString>
</keyword>
<keyword>
<gco:CharacterString>boundaries</gco:CharacterString>
</keyword>
<keyword>
<gco:CharacterString>places</gco:CharacterString>
</keyword>
<keyword>
<gco:CharacterString>territorio</gco:CharacterString>
</keyword>
<keyword>
<gco:CharacterString>administracion</gco:CharacterString>
</keyword>
<keyword>
<gco:CharacterString>municipio</gco:CharacterString>
</keyword>
<keyword>
<gco:CharacterString>ArcGIS</gco:CharacterString>
</keyword>
<keyword>
<gco:CharacterString>ESPAÑA</gco:CharacterString>
</keyword>
<keyword>
<gco:CharacterString>IGN</gco:CharacterString>
</keyword>
<keyword>
<gco:CharacterString>Unidades administrativas</gco:CharacterString>
</keyword>
<keyword>
<gco:CharacterString>Service Definition</gco:CharacterString>
</keyword>
<keyword>
<gco:CharacterString>.sd</gco:CharacterString>
</keyword>
</MD_Keywords>
</descriptiveKeywords>
<descriptiveKeywords>
<MD_Keywords>
<keyword>
<gco:CharacterString>Municipios</gco:CharacterString>
</keyword>
<keyword>
<gco:CharacterString>Mapas Base</gco:CharacterString>
</keyword>
<keyword>
<gco:CharacterString>Basemaps</gco:CharacterString>
</keyword>
<keyword>
<gco:CharacterString>Limites y Lugares</gco:CharacterString>
</keyword>
<keyword>
<gco:CharacterString>Boundaries and Places</gco:CharacterString>
</keyword>
<keyword>
<gco:CharacterString>España</gco:CharacterString>
</keyword>
<keyword>
<gco:CharacterString>Spain</gco:CharacterString>
</keyword>
<keyword>
<gco:CharacterString>Esri Contenidos</gco:CharacterString>
</keyword>
<keyword>
<gco:CharacterString>boundaries</gco:CharacterString>
</keyword>
<keyword>
<gco:CharacterString>places</gco:CharacterString>
</keyword>
<keyword>
<gco:CharacterString>territorio</gco:CharacterString>
</keyword>
<keyword>
<gco:CharacterString>administracion</gco:CharacterString>
</keyword>
<keyword>
<gco:CharacterString>municipio</gco:CharacterString>
</keyword>
<keyword>
<gco:CharacterString>ArcGIS</gco:CharacterString>
</keyword>
<keyword>
<gco:CharacterString>ESPAÑA</gco:CharacterString>
</keyword>
<keyword>
<gco:CharacterString>IGN</gco:CharacterString>
</keyword>
<keyword>
<gco:CharacterString>Unidades administrativas</gco:CharacterString>
</keyword>
<keyword>
<gco:CharacterString>Service Definition</gco:CharacterString>
</keyword>
<keyword>
<gco:CharacterString>.sd</gco:CharacterString>
</keyword>
</MD_Keywords>
</descriptiveKeywords>
<descriptiveKeywords>
<MD_Keywords>
<keyword>
<gco:CharacterString>Municipios</gco:CharacterString>
</keyword>
<keyword>
<gco:CharacterString>Mapas Base</gco:CharacterString>
</keyword>
<keyword>
<gco:CharacterString>Basemaps</gco:CharacterString>
</keyword>
<keyword>
<gco:CharacterString>Limites y Lugares</gco:CharacterString>
</keyword>
<keyword>
<gco:CharacterString>Boundaries and Places</gco:CharacterString>
</keyword>
<keyword>
<gco:CharacterString>España</gco:CharacterString>
</keyword>
<keyword>
<gco:CharacterString>Spain</gco:CharacterString>
</keyword>
<keyword>
<gco:CharacterString>Esri Contenidos</gco:CharacterString>
</keyword>
<keyword>
<gco:CharacterString>boundaries</gco:CharacterString>
</keyword>
<keyword>
<gco:CharacterString>places</gco:CharacterString>
</keyword>
<keyword>
<gco:CharacterString>territorio</gco:CharacterString>
</keyword>
<keyword>
<gco:CharacterString>administracion</gco:CharacterString>
</keyword>
<keyword>
<gco:CharacterString>municipio</gco:CharacterString>
</keyword>
<keyword>
<gco:CharacterString>ArcGIS</gco:CharacterString>
</keyword>
<keyword>
<gco:CharacterString>ESPAÑA</gco:CharacterString>
</keyword>
<keyword>
<gco:CharacterString>IGN</gco:CharacterString>
</keyword>
<keyword>
<gco:CharacterString>Unidades administrativas</gco:CharacterString>
</keyword>
<keyword>
<gco:CharacterString>Service Definition</gco:CharacterString>
</keyword>
<keyword>
<gco:CharacterString>.sd</gco:CharacterString>
</keyword>
</MD_Keywords>
</descriptiveKeywords>
<descriptiveKeywords>
<MD_Keywords>
<keyword>
<gco:CharacterString>Municipios</gco:CharacterString>
</keyword>
<keyword>
<gco:CharacterString>Mapas Base</gco:CharacterString>
</keyword>
<keyword>
<gco:CharacterString>Basemaps</gco:CharacterString>
</keyword>
<keyword>
<gco:CharacterString>Limites y Lugares</gco:CharacterString>
</keyword>
<keyword>
<gco:CharacterString>Boundaries and Places</gco:CharacterString>
</keyword>
<keyword>
<gco:CharacterString>España</gco:CharacterString>
</keyword>
<keyword>
<gco:CharacterString>Spain</gco:CharacterString>
</keyword>
<keyword>
<gco:CharacterString>Esri Contenidos</gco:CharacterString>
</keyword>
<keyword>
<gco:CharacterString>boundaries</gco:CharacterString>
</keyword>
<keyword>
<gco:CharacterString>places</gco:CharacterString>
</keyword>
<keyword>
<gco:CharacterString>territorio</gco:CharacterString>
</keyword>
<keyword>
<gco:CharacterString>administracion</gco:CharacterString>
</keyword>
<keyword>
<gco:CharacterString>municipio</gco:CharacterString>
</keyword>
<keyword>
<gco:CharacterString>ArcGIS</gco:CharacterString>
</keyword>
<keyword>
<gco:CharacterString>ESPAÑA</gco:CharacterString>
</keyword>
<keyword>
<gco:CharacterString>IGN</gco:CharacterString>
</keyword>
<keyword>
<gco:CharacterString>Unidades administrativas</gco:CharacterString>
</keyword>
<keyword>
<gco:CharacterString>Service Definition</gco:CharacterString>
</keyword>
<keyword>
<gco:CharacterString>.sd</gco:CharacterString>
</keyword>
</MD_Keywords>
</descriptiveKeywords>
<descriptiveKeywords>
<MD_Keywords>
<keyword>
<gco:CharacterString>Municipios</gco:CharacterString>
</keyword>
<keyword>
<gco:CharacterString>Mapas Base</gco:CharacterString>
</keyword>
<keyword>
<gco:CharacterString>Basemaps</gco:CharacterString>
</keyword>
<keyword>
<gco:CharacterString>Limites y Lugares</gco:CharacterString>
</keyword>
<keyword>
<gco:CharacterString>Boundaries and Places</gco:CharacterString>
</keyword>
<keyword>
<gco:CharacterString>España</gco:CharacterString>
</keyword>
<keyword>
<gco:CharacterString>Spain</gco:CharacterString>
</keyword>
<keyword>
<gco:CharacterString>Esri Contenidos</gco:CharacterString>
</keyword>
<keyword>
<gco:CharacterString>boundaries</gco:CharacterString>
</keyword>
<keyword>
<gco:CharacterString>places</gco:CharacterString>
</keyword>
<keyword>
<gco:CharacterString>territorio</gco:CharacterString>
</keyword>
<keyword>
<gco:CharacterString>administracion</gco:CharacterString>
</keyword>
<keyword>
<gco:CharacterString>municipio</gco:CharacterString>
</keyword>
<keyword>
<gco:CharacterString>ArcGIS</gco:CharacterString>
</keyword>
<keyword>
<gco:CharacterString>ESPAÑA</gco:CharacterString>
</keyword>
<keyword>
<gco:CharacterString>IGN</gco:CharacterString>
</keyword>
<keyword>
<gco:CharacterString>Unidades administrativas</gco:CharacterString>
</keyword>
<keyword>
<gco:CharacterString>Service Definition</gco:CharacterString>
</keyword>
<keyword>
<gco:CharacterString>.sd</gco:CharacterString>
</keyword>
</MD_Keywords>
</descriptiveKeywords>
<descriptiveKeywords>
<MD_Keywords>
<keyword>
<gco:CharacterString>Municipios</gco:CharacterString>
</keyword>
<keyword>
<gco:CharacterString>Mapas Base</gco:CharacterString>
</keyword>
<keyword>
<gco:CharacterString>Basemaps</gco:CharacterString>
</keyword>
<keyword>
<gco:CharacterString>Limites y Lugares</gco:CharacterString>
</keyword>
<keyword>
<gco:CharacterString>Boundaries and Places</gco:CharacterString>
</keyword>
<keyword>
<gco:CharacterString>España</gco:CharacterString>
</keyword>
<keyword>
<gco:CharacterString>Spain</gco:CharacterString>
</keyword>
<keyword>
<gco:CharacterString>Esri Contenidos</gco:CharacterString>
</keyword>
<keyword>
<gco:CharacterString>boundaries</gco:CharacterString>
</keyword>
<keyword>
<gco:CharacterString>places</gco:CharacterString>
</keyword>
<keyword>
<gco:CharacterString>territorio</gco:CharacterString>
</keyword>
<keyword>
<gco:CharacterString>administracion</gco:CharacterString>
</keyword>
<keyword>
<gco:CharacterString>municipio</gco:CharacterString>
</keyword>
<keyword>
<gco:CharacterString>ArcGIS</gco:CharacterString>
</keyword>
<keyword>
<gco:CharacterString>ESPAÑA</gco:CharacterString>
</keyword>
<keyword>
<gco:CharacterString>IGN</gco:CharacterString>
</keyword>
<keyword>
<gco:CharacterString>Unidades administrativas</gco:CharacterString>
</keyword>
<keyword>
<gco:CharacterString>Service Definition</gco:CharacterString>
</keyword>
<keyword>
<gco:CharacterString>.sd</gco:CharacterString>
</keyword>
</MD_Keywords>
</descriptiveKeywords>
<descriptiveKeywords>
<MD_Keywords>
<keyword>
<gco:CharacterString>Municipios</gco:CharacterString>
</keyword>
<keyword>
<gco:CharacterString>Mapas Base</gco:CharacterString>
</keyword>
<keyword>
<gco:CharacterString>Basemaps</gco:CharacterString>
</keyword>
<keyword>
<gco:CharacterString>Limites y Lugares</gco:CharacterString>
</keyword>
<keyword>
<gco:CharacterString>Boundaries and Places</gco:CharacterString>
</keyword>
<keyword>
<gco:CharacterString>España</gco:CharacterString>
</keyword>
<keyword>
<gco:CharacterString>Spain</gco:CharacterString>
</keyword>
<keyword>
<gco:CharacterString>Esri Contenidos</gco:CharacterString>
</keyword>
<keyword>
<gco:CharacterString>boundaries</gco:CharacterString>
</keyword>
<keyword>
<gco:CharacterString>places</gco:CharacterString>
</keyword>
<keyword>
<gco:CharacterString>territorio</gco:CharacterString>
</keyword>
<keyword>
<gco:CharacterString>administracion</gco:CharacterString>
</keyword>
<keyword>
<gco:CharacterString>municipio</gco:CharacterString>
</keyword>
<keyword>
<gco:CharacterString>ArcGIS</gco:CharacterString>
</keyword>
<keyword>
<gco:CharacterString>ESPAÑA</gco:CharacterString>
</keyword>
<keyword>
<gco:CharacterString>IGN</gco:CharacterString>
</keyword>
<keyword>
<gco:CharacterString>Unidades administrativas</gco:CharacterString>
</keyword>
<keyword>
<gco:CharacterString>Service Definition</gco:CharacterString>
</keyword>
<keyword>
<gco:CharacterString>.sd</gco:CharacterString>
</keyword>
</MD_Keywords>
</descriptiveKeywords>
<descriptiveKeywords>
<MD_Keywords>
<keyword>
<gco:CharacterString>Municipios</gco:CharacterString>
</keyword>
<keyword>
<gco:CharacterString>Mapas Base</gco:CharacterString>
</keyword>
<keyword>
<gco:CharacterString>Basemaps</gco:CharacterString>
</keyword>
<keyword>
<gco:CharacterString>Limites y Lugares</gco:CharacterString>
</keyword>
<keyword>
<gco:CharacterString>Boundaries and Places</gco:CharacterString>
</keyword>
<keyword>
<gco:CharacterString>España</gco:CharacterString>
</keyword>
<keyword>
<gco:CharacterString>Spain</gco:CharacterString>
</keyword>
<keyword>
<gco:CharacterString>Esri Contenidos</gco:CharacterString>
</keyword>
<keyword>
<gco:CharacterString>boundaries</gco:CharacterString>
</keyword>
<keyword>
<gco:CharacterString>places</gco:CharacterString>
</keyword>
<keyword>
<gco:CharacterString>territorio</gco:CharacterString>
</keyword>
<keyword>
<gco:CharacterString>administracion</gco:CharacterString>
</keyword>
<keyword>
<gco:CharacterString>municipio</gco:CharacterString>
</keyword>
<keyword>
<gco:CharacterString>ArcGIS</gco:CharacterString>
</keyword>
<keyword>
<gco:CharacterString>ESPAÑA</gco:CharacterString>
</keyword>
<keyword>
<gco:CharacterString>IGN</gco:CharacterString>
</keyword>
<keyword>
<gco:CharacterString>Unidades administrativas</gco:CharacterString>
</keyword>
<keyword>
<gco:CharacterString>Service Definition</gco:CharacterString>
</keyword>
<keyword>
<gco:CharacterString>.sd</gco:CharacterString>
</keyword>
</MD_Keywords>
</descriptiveKeywords>
<descriptiveKeywords>
<MD_Keywords>
<keyword>
<gco:CharacterString>Municipios</gco:CharacterString>
</keyword>
<keyword>
<gco:CharacterString>Mapas Base</gco:CharacterString>
</keyword>
<keyword>
<gco:CharacterString>Basemaps</gco:CharacterString>
</keyword>
<keyword>
<gco:CharacterString>Limites y Lugares</gco:CharacterString>
</keyword>
<keyword>
<gco:CharacterString>Boundaries and Places</gco:CharacterString>
</keyword>
<keyword>
<gco:CharacterString>España</gco:CharacterString>
</keyword>
<keyword>
<gco:CharacterString>Spain</gco:CharacterString>
</keyword>
<keyword>
<gco:CharacterString>Esri Contenidos</gco:CharacterString>
</keyword>
<keyword>
<gco:CharacterString>boundaries</gco:CharacterString>
</keyword>
<keyword>
<gco:CharacterString>places</gco:CharacterString>
</keyword>
<keyword>
<gco:CharacterString>territorio</gco:CharacterString>
</keyword>
<keyword>
<gco:CharacterString>administracion</gco:CharacterString>
</keyword>
<keyword>
<gco:CharacterString>municipio</gco:CharacterString>
</keyword>
<keyword>
<gco:CharacterString>ArcGIS</gco:CharacterString>
</keyword>
<keyword>
<gco:CharacterString>ESPAÑA</gco:CharacterString>
</keyword>
<keyword>
<gco:CharacterString>IGN</gco:CharacterString>
</keyword>
<keyword>
<gco:CharacterString>Unidades administrativas</gco:CharacterString>
</keyword>
<keyword>
<gco:CharacterString>Service Definition</gco:CharacterString>
</keyword>
<keyword>
<gco:CharacterString>.sd</gco:CharacterString>
</keyword>
</MD_Keywords>
</descriptiveKeywords>
<descriptiveKeywords>
<MD_Keywords>
<keyword>
<gco:CharacterString>Municipios</gco:CharacterString>
</keyword>
<keyword>
<gco:CharacterString>Mapas Base</gco:CharacterString>
</keyword>
<keyword>
<gco:CharacterString>Basemaps</gco:CharacterString>
</keyword>
<keyword>
<gco:CharacterString>Limites y Lugares</gco:CharacterString>
</keyword>
<keyword>
<gco:CharacterString>Boundaries and Places</gco:CharacterString>
</keyword>
<keyword>
<gco:CharacterString>España</gco:CharacterString>
</keyword>
<keyword>
<gco:CharacterString>Spain</gco:CharacterString>
</keyword>
<keyword>
<gco:CharacterString>Esri Contenidos</gco:CharacterString>
</keyword>
<keyword>
<gco:CharacterString>boundaries</gco:CharacterString>
</keyword>
<keyword>
<gco:CharacterString>places</gco:CharacterString>
</keyword>
<keyword>
<gco:CharacterString>territorio</gco:CharacterString>
</keyword>
<keyword>
<gco:CharacterString>administracion</gco:CharacterString>
</keyword>
<keyword>
<gco:CharacterString>municipio</gco:CharacterString>
</keyword>
<keyword>
<gco:CharacterString>ArcGIS</gco:CharacterString>
</keyword>
<keyword>
<gco:CharacterString>ESPAÑA</gco:CharacterString>
</keyword>
<keyword>
<gco:CharacterString>IGN</gco:CharacterString>
</keyword>
<keyword>
<gco:CharacterString>Unidades administrativas</gco:CharacterString>
</keyword>
<keyword>
<gco:CharacterString>Service Definition</gco:CharacterString>
</keyword>
<keyword>
<gco:CharacterString>.sd</gco:CharacterString>
</keyword>
</MD_Keywords>
</descriptiveKeywords>
<descriptiveKeywords>
<MD_Keywords>
<keyword>
<gco:CharacterString>Municipios</gco:CharacterString>
</keyword>
<keyword>
<gco:CharacterString>Mapas Base</gco:CharacterString>
</keyword>
<keyword>
<gco:CharacterString>Basemaps</gco:CharacterString>
</keyword>
<keyword>
<gco:CharacterString>Limites y Lugares</gco:CharacterString>
</keyword>
<keyword>
<gco:CharacterString>Boundaries and Places</gco:CharacterString>
</keyword>
<keyword>
<gco:CharacterString>España</gco:CharacterString>
</keyword>
<keyword>
<gco:CharacterString>Spain</gco:CharacterString>
</keyword>
<keyword>
<gco:CharacterString>Esri Contenidos</gco:CharacterString>
</keyword>
<keyword>
<gco:CharacterString>boundaries</gco:CharacterString>
</keyword>
<keyword>
<gco:CharacterString>places</gco:CharacterString>
</keyword>
<keyword>
<gco:CharacterString>territorio</gco:CharacterString>
</keyword>
<keyword>
<gco:CharacterString>administracion</gco:CharacterString>
</keyword>
<keyword>
<gco:CharacterString>municipio</gco:CharacterString>
</keyword>
<keyword>
<gco:CharacterString>ArcGIS</gco:CharacterString>
</keyword>
<keyword>
<gco:CharacterString>ESPAÑA</gco:CharacterString>
</keyword>
<keyword>
<gco:CharacterString>IGN</gco:CharacterString>
</keyword>
<keyword>
<gco:CharacterString>Unidades administrativas</gco:CharacterString>
</keyword>
<keyword>
<gco:CharacterString>Service Definition</gco:CharacterString>
</keyword>
<keyword>
<gco:CharacterString>.sd</gco:CharacterString>
</keyword>
</MD_Keywords>
</descriptiveKeywords>
<descriptiveKeywords>
<MD_Keywords>
<keyword>
<gco:CharacterString>Municipios</gco:CharacterString>
</keyword>
<keyword>
<gco:CharacterString>Mapas Base</gco:CharacterString>
</keyword>
<keyword>
<gco:CharacterString>Basemaps</gco:CharacterString>
</keyword>
<keyword>
<gco:CharacterString>Limites y Lugares</gco:CharacterString>
</keyword>
<keyword>
<gco:CharacterString>Boundaries and Places</gco:CharacterString>
</keyword>
<keyword>
<gco:CharacterString>España</gco:CharacterString>
</keyword>
<keyword>
<gco:CharacterString>Spain</gco:CharacterString>
</keyword>
<keyword>
<gco:CharacterString>Esri Contenidos</gco:CharacterString>
</keyword>
<keyword>
<gco:CharacterString>boundaries</gco:CharacterString>
</keyword>
<keyword>
<gco:CharacterString>places</gco:CharacterString>
</keyword>
<keyword>
<gco:CharacterString>territorio</gco:CharacterString>
</keyword>
<keyword>
<gco:CharacterString>administracion</gco:CharacterString>
</keyword>
<keyword>
<gco:CharacterString>municipio</gco:CharacterString>
</keyword>
<keyword>
<gco:CharacterString>ArcGIS</gco:CharacterString>
</keyword>
<keyword>
<gco:CharacterString>ESPAÑA</gco:CharacterString>
</keyword>
<keyword>
<gco:CharacterString>IGN</gco:CharacterString>
</keyword>
<keyword>
<gco:CharacterString>Unidades administrativas</gco:CharacterString>
</keyword>
<keyword>
<gco:CharacterString>Service Definition</gco:CharacterString>
</keyword>
<keyword>
<gco:CharacterString>.sd</gco:CharacterString>
</keyword>
</MD_Keywords>
</descriptiveKeywords>
<descriptiveKeywords>
<MD_Keywords>
<keyword>
<gco:CharacterString>Municipios</gco:CharacterString>
</keyword>
<keyword>
<gco:CharacterString>Mapas Base</gco:CharacterString>
</keyword>
<keyword>
<gco:CharacterString>Basemaps</gco:CharacterString>
</keyword>
<keyword>
<gco:CharacterString>Limites y Lugares</gco:CharacterString>
</keyword>
<keyword>
<gco:CharacterString>Boundaries and Places</gco:CharacterString>
</keyword>
<keyword>
<gco:CharacterString>España</gco:CharacterString>
</keyword>
<keyword>
<gco:CharacterString>Spain</gco:CharacterString>
</keyword>
<keyword>
<gco:CharacterString>Esri Contenidos</gco:CharacterString>
</keyword>
<keyword>
<gco:CharacterString>boundaries</gco:CharacterString>
</keyword>
<keyword>
<gco:CharacterString>places</gco:CharacterString>
</keyword>
<keyword>
<gco:CharacterString>territorio</gco:CharacterString>
</keyword>
<keyword>
<gco:CharacterString>administracion</gco:CharacterString>
</keyword>
<keyword>
<gco:CharacterString>municipio</gco:CharacterString>
</keyword>
<keyword>
<gco:CharacterString>ArcGIS</gco:CharacterString>
</keyword>
<keyword>
<gco:CharacterString>ESPAÑA</gco:CharacterString>
</keyword>
<keyword>
<gco:CharacterString>IGN</gco:CharacterString>
</keyword>
<keyword>
<gco:CharacterString>Unidades administrativas</gco:CharacterString>
</keyword>
<keyword>
<gco:CharacterString>Service Definition</gco:CharacterString>
</keyword>
<keyword>
<gco:CharacterString>.sd</gco:CharacterString>
</keyword>
</MD_Keywords>
</descriptiveKeywords>
<descriptiveKeywords>
<MD_Keywords>
<keyword>
<gco:CharacterString>Municipios</gco:CharacterString>
</keyword>
<keyword>
<gco:CharacterString>Mapas Base</gco:CharacterString>
</keyword>
<keyword>
<gco:CharacterString>Basemaps</gco:CharacterString>
</keyword>
<keyword>
<gco:CharacterString>Limites y Lugares</gco:CharacterString>
</keyword>
<keyword>
<gco:CharacterString>Boundaries and Places</gco:CharacterString>
</keyword>
<keyword>
<gco:CharacterString>España</gco:CharacterString>
</keyword>
<keyword>
<gco:CharacterString>Spain</gco:CharacterString>
</keyword>
<keyword>
<gco:CharacterString>Esri Contenidos</gco:CharacterString>
</keyword>
<keyword>
<gco:CharacterString>boundaries</gco:CharacterString>
</keyword>
<keyword>
<gco:CharacterString>places</gco:CharacterString>
</keyword>
<keyword>
<gco:CharacterString>territorio</gco:CharacterString>
</keyword>
<keyword>
<gco:CharacterString>administracion</gco:CharacterString>
</keyword>
<keyword>
<gco:CharacterString>municipio</gco:CharacterString>
</keyword>
<keyword>
<gco:CharacterString>ArcGIS</gco:CharacterString>
</keyword>
<keyword>
<gco:CharacterString>ESPAÑA</gco:CharacterString>
</keyword>
<keyword>
<gco:CharacterString>IGN</gco:CharacterString>
</keyword>
<keyword>
<gco:CharacterString>Unidades administrativas</gco:CharacterString>
</keyword>
<keyword>
<gco:CharacterString>Service Definition</gco:CharacterString>
</keyword>
<keyword>
<gco:CharacterString>.sd</gco:CharacterString>
</keyword>
</MD_Keywords>
</descriptiveKeywords>
<descriptiveKeywords>
<MD_Keywords>
<keyword>
<gco:CharacterString>Municipios</gco:CharacterString>
</keyword>
<keyword>
<gco:CharacterString>Mapas Base</gco:CharacterString>
</keyword>
<keyword>
<gco:CharacterString>Basemaps</gco:CharacterString>
</keyword>
<keyword>
<gco:CharacterString>Limites y Lugares</gco:CharacterString>
</keyword>
<keyword>
<gco:CharacterString>Boundaries and Places</gco:CharacterString>
</keyword>
<keyword>
<gco:CharacterString>España</gco:CharacterString>
</keyword>
<keyword>
<gco:CharacterString>Spain</gco:CharacterString>
</keyword>
<keyword>
<gco:CharacterString>Esri Contenidos</gco:CharacterString>
</keyword>
<keyword>
<gco:CharacterString>boundaries</gco:CharacterString>
</keyword>
<keyword>
<gco:CharacterString>places</gco:CharacterString>
</keyword>
<keyword>
<gco:CharacterString>territorio</gco:CharacterString>
</keyword>
<keyword>
<gco:CharacterString>administracion</gco:CharacterString>
</keyword>
<keyword>
<gco:CharacterString>municipio</gco:CharacterString>
</keyword>
<keyword>
<gco:CharacterString>ArcGIS</gco:CharacterString>
</keyword>
<keyword>
<gco:CharacterString>ESPAÑA</gco:CharacterString>
</keyword>
<keyword>
<gco:CharacterString>IGN</gco:CharacterString>
</keyword>
<keyword>
<gco:CharacterString>Unidades administrativas</gco:CharacterString>
</keyword>
<keyword>
<gco:CharacterString>Service Definition</gco:CharacterString>
</keyword>
<keyword>
<gco:CharacterString>.sd</gco:CharacterString>
</keyword>
</MD_Keywords>
</descriptiveKeywords>
<descriptiveKeywords>
<MD_Keywords>
<keyword>
<gco:CharacterString>Municipios</gco:CharacterString>
</keyword>
<keyword>
<gco:CharacterString>Mapas Base</gco:CharacterString>
</keyword>
<keyword>
<gco:CharacterString>Basemaps</gco:CharacterString>
</keyword>
<keyword>
<gco:CharacterString>Limites y Lugares</gco:CharacterString>
</keyword>
<keyword>
<gco:CharacterString>Boundaries and Places</gco:CharacterString>
</keyword>
<keyword>
<gco:CharacterString>España</gco:CharacterString>
</keyword>
<keyword>
<gco:CharacterString>Spain</gco:CharacterString>
</keyword>
<keyword>
<gco:CharacterString>Esri Contenidos</gco:CharacterString>
</keyword>
<keyword>
<gco:CharacterString>boundaries</gco:CharacterString>
</keyword>
<keyword>
<gco:CharacterString>places</gco:CharacterString>
</keyword>
<keyword>
<gco:CharacterString>territorio</gco:CharacterString>
</keyword>
<keyword>
<gco:CharacterString>administracion</gco:CharacterString>
</keyword>
<keyword>
<gco:CharacterString>municipio</gco:CharacterString>
</keyword>
<keyword>
<gco:CharacterString>ArcGIS</gco:CharacterString>
</keyword>
<keyword>
<gco:CharacterString>ESPAÑA</gco:CharacterString>
</keyword>
<keyword>
<gco:CharacterString>IGN</gco:CharacterString>
</keyword>
<keyword>
<gco:CharacterString>Unidades administrativas</gco:CharacterString>
</keyword>
<keyword>
<gco:CharacterString>Service Definition</gco:CharacterString>
</keyword>
<keyword>
<gco:CharacterString>.sd</gco:CharacterString>
</keyword>
</MD_Keywords>
</descriptiveKeywords>
<descriptiveKeywords>
<MD_Keywords>
<keyword>
<gco:CharacterString>Municipios</gco:CharacterString>
</keyword>
<keyword>
<gco:CharacterString>Mapas Base</gco:CharacterString>
</keyword>
<keyword>
<gco:CharacterString>Basemaps</gco:CharacterString>
</keyword>
<keyword>
<gco:CharacterString>Limites y Lugares</gco:CharacterString>
</keyword>
<keyword>
<gco:CharacterString>Boundaries and Places</gco:CharacterString>
</keyword>
<keyword>
<gco:CharacterString>España</gco:CharacterString>
</keyword>
<keyword>
<gco:CharacterString>Spain</gco:CharacterString>
</keyword>
<keyword>
<gco:CharacterString>Esri Contenidos</gco:CharacterString>
</keyword>
<keyword>
<gco:CharacterString>boundaries</gco:CharacterString>
</keyword>
<keyword>
<gco:CharacterString>places</gco:CharacterString>
</keyword>
<keyword>
<gco:CharacterString>territorio</gco:CharacterString>
</keyword>
<keyword>
<gco:CharacterString>administracion</gco:CharacterString>
</keyword>
<keyword>
<gco:CharacterString>municipio</gco:CharacterString>
</keyword>
<keyword>
<gco:CharacterString>ArcGIS</gco:CharacterString>
</keyword>
<keyword>
<gco:CharacterString>ESPAÑA</gco:CharacterString>
</keyword>
<keyword>
<gco:CharacterString>IGN</gco:CharacterString>
</keyword>
<keyword>
<gco:CharacterString>Unidades administrativas</gco:CharacterString>
</keyword>
<keyword>
<gco:CharacterString>Service Definition</gco:CharacterString>
</keyword>
<keyword>
<gco:CharacterString>.sd</gco:CharacterString>
</keyword>
</MD_Keywords>
</descriptiveKeywords>
<descriptiveKeywords>
<MD_Keywords>
<keyword>
<gco:CharacterString>Municipios</gco:CharacterString>
</keyword>
<keyword>
<gco:CharacterString>Mapas Base</gco:CharacterString>
</keyword>
<keyword>
<gco:CharacterString>Basemaps</gco:CharacterString>
</keyword>
<keyword>
<gco:CharacterString>Limites y Lugares</gco:CharacterString>
</keyword>
<keyword>
<gco:CharacterString>Boundaries and Places</gco:CharacterString>
</keyword>
<keyword>
<gco:CharacterString>España</gco:CharacterString>
</keyword>
<keyword>
<gco:CharacterString>Spain</gco:CharacterString>
</keyword>
<keyword>
<gco:CharacterString>Esri Contenidos</gco:CharacterString>
</keyword>
<keyword>
<gco:CharacterString>boundaries</gco:CharacterString>
</keyword>
<keyword>
<gco:CharacterString>places</gco:CharacterString>
</keyword>
<keyword>
<gco:CharacterString>territorio</gco:CharacterString>
</keyword>
<keyword>
<gco:CharacterString>administracion</gco:CharacterString>
</keyword>
<keyword>
<gco:CharacterString>municipio</gco:CharacterString>
</keyword>
<keyword>
<gco:CharacterString>ArcGIS</gco:CharacterString>
</keyword>
<keyword>
<gco:CharacterString>ESPAÑA</gco:CharacterString>
</keyword>
<keyword>
<gco:CharacterString>IGN</gco:CharacterString>
</keyword>
<keyword>
<gco:CharacterString>Unidades administrativas</gco:CharacterString>
</keyword>
<keyword>
<gco:CharacterString>Service Definition</gco:CharacterString>
</keyword>
<keyword>
<gco:CharacterString>.sd</gco:CharacterString>
</keyword>
</MD_Keywords>
</descriptiveKeywords>
<resourceConstraints>
<MD_Constraints>
<useLimitation>
<gco:CharacterString>La información geográfica digital comprendida en el Equipamiento Geográfico de Referencia Nacional (EGRN), (artículo 1.1 de la Orden FOM/956/2008 ) y los Metadatos de los datos geográficos producidos por el IGN y de los servicios de información geográfica prestados por el IGN y el CNIG, no requieren la aceptación de licencia , y su uso, en cualquier caso, tendrá carácter libre y gratuito, siempre que se mencione al IGN como origen y propietario de los datos (mediante la referencia «© Instituto Geográfico Nacional de España»).</gco:CharacterString>
</useLimitation>
</MD_Constraints>
</resourceConstraints>
<language gco:nilReason="missing"/>
<characterSet>
<MD_CharacterSetCode codeList="http://www.isotc211.org/2005/resources/Codelist/gmxCodelists.xml#MD_CharacterSetCode" codeListValue="utf8" codeSpace="ISOTC211/19115">utf8</MD_CharacterSetCode>
</characterSet>
</MD_DataIdentification>
</identificationInfo>
</MD_Metadata>
